q1,q2,q3,q4,q5
0.000000000,0.226001817,-0.855269998,0.629268181,1.570796327
0.009743309,0.243521394,-0.865641237,0.622119843,1.570796327
0.019475156,0.260409007,-0.874689286,0.614280279,1.570796327
0.029184109,0.276610766,-0.882421380,0.605810614,1.570796327
0.038858797,0.292076105,-0.888852261,0.596776156,1.570796327
0.048487934,0.306758180,-0.894004033,0.587245853,1.570796327
0.058060353,0.320614240,-0.897905943,0.577291703,1.570796327
0.067565031,0.333605944,-0.900594076,0.566988133,1.570796327
0.076991114,0.345699621,-0.902110981,0.556411360,1.570796327
0.086327943,0.356866465,-0.902505207,0.545638742,1.570796327
0.095565079,0.367082653,-0.901830771,0.534748118,1.570796327
0.104692322,0.376329388,-0.900146557,0.523817170,1.570796327
0.113699729,0.384592861,-0.897515649,0.512922787,1.570796327
0.122577638,0.391864142,-0.894004601,0.502140459,1.570796327
0.131316677,0.398138980,-0.889682671,0.491543691,1.570796327
0.139907783,0.403417551,-0.884620998,0.481203447,1.570796327
0.148342210,0.407704133,-0.878891754,0.471187620,1.570796327
0.156611540,0.411006725,-0.872567267,0.461560543,1.570796327
0.164707693,0.413336622,-0.865719135,0.452382513,1.570796327
0.172622925,0.414707964,-0.858417327,0.443709364,1.570796327
0.180349842,0.415137244,-0.850729297,0.435592053,1.570796327
0.187881393,0.414642823,-0.842719109,0.428076286,1.570796327
0.195210873,0.413244431,-0.834446606,0.421202175,1.570796327
0.202331923,0.410962688,-0.825966608,0.415003919,1.570796327
0.209238524,0.407818651,-0.817328186,0.409509535,1.570796327
0.215924995,0.403833386,-0.808574001,0.404740615,1.570796327
0.222385983,0.399027603,-0.799739741,0.400712138,1.570796327
0.228616461,0.393421334,-0.790853662,0.397432328,1.570796327
0.234611715,0.387033680,-0.781936252,0.394902572,1.570796327
0.240367339,0.379882634,-0.773000027,0.393117394,1.570796327
0.245879224,0.371984967,-0.764049467,0.392064500,1.570796327
0.251143548,0.363356209,-0.755081107,0.391724898,1.570796327
0.256156764,0.354010689,-0.746083768,0.392073079,1.570796327
0.260915592,0.343961662,-0.737038948,0.393077286,1.570796327
0.265417005,0.333221494,-0.727921339,0.394699845,1.570796327
0.269658221,0.321801916,-0.718699488,0.396897573,1.570796327
0.273636691,0.309714318,-0.709336565,0.399622246,1.570796327
0.277350085,0.296970091,-0.699791224,0.402821133,1.570796327
0.280796289,0.283580984,-0.690018556,0.406437571,1.570796327
0.283973385,0.269559491,-0.679971083,0.410411592,1.570796327
0.286879651,0.254919219,-0.669599798,0.414680579,1.570796327
0.289513545,0.239675269,-0.658855220,0.419179951,1.570796327
0.291873701,0.223844583,-0.647688446,0.423843863,1.570796327
0.293958917,0.207446275,-0.636052190,0.428605915,1.570796327
0.295768151,0.190501930,-0.623901797,0.433399867,1.570796327
0.297300512,0.173035876,-0.611196222,0.438160347,1.570796327
0.298555259,0.155075420,-0.597898979,0.442823559,1.570796327
0.299531789,0.136651072,-0.583979052,0.447327980,1.570796327
0.300229638,0.117796742,-0.569411797,0.451615055,1.570796327
0.300648479,0.098549939,-0.554179830,0.455629891,1.570796327
0.300788114,0.078951986,-0.538273942,0.459321956,1.570796327
0.300648479,0.059048267,-0.521694072,0.462645805,1.570796327
0.300229638,0.038888543,-0.504450385,0.465561842,1.570796327
0.299531789,0.018527356,-0.486564519,0.468037163,1.570796327
0.298555259,-0.001975401,-0.468071097,0.470046498,1.570796327
0.297300512,-0.022553730,-0.449019598,0.471573328,1.570796327
0.295768151,-0.043134472,-0.429476761,0.472611233,1.570796327
0.293958917,-0.063635882,-0.409529703,0.473165585,1.570796327
0.291873701,-0.083965687,-0.389290003,0.473255690,1.570796327
0.289513545,-0.104018488,-0.368899063,0.472917551,1.570796327
0.286879651,-0.123672324,-0.348535088,0.472207412,1.570796327
0.283973385,-0.142784260,-0.328421987,0.471206247,1.570796327
0.280796289,-0.161184937,-0.308840291,0.470025228,1.570796327
0.277350085,-0.178672372,-0.290139555,0.468811927,1.570796327
0.273636691,-0.195005959,-0.272750310,0.467756269,1.570796327
0.269658221,-0.209902957,-0.257191026,0.467093983,1.570796327
0.265417005,-0.223041686,-0.244061643,0.467103329,1.570796327
0.260915592,-0.234077494,-0.234011528,0.468089022,1.570796327
0.256156764,-0.242676900,-0.227671105,0.470348005,1.570796327
0.251143548,-0.248568511,-0.225549896,0.474118407,1.570796327
0.245879224,-0.251596442,-0.227929607,0.479526049,1.570796327
0.240367339,-0.251752122,-0.234800408,0.486552530,1.570796327
0.234611715,-0.249167387,-0.245874687,0.495042074,1.570796327
0.228616461,-0.244073770,-0.260668408,0.504742179,1.570796327
0.222385983,-0.236750064,-0.278605973,0.515356037,1.570796327
0.215924995,-0.227478885,-0.299107074,0.526585959,1.570796327
0.209238524,-0.216520625,-0.321638828,0.538159453,1.570796327
0.202331923,-0.204102803,-0.345737139,0.549839942,1.570796327
0.195210873,-0.190419124,-0.371008665,0.561427790,1.570796327
0.187881393,-0.175633245,-0.397123424,0.572756669,1.570796327
0.180349842,-0.159884063,-0.423804370,0.583688433,1.570796327
0.172622925,-0.143290955,-0.450817121,0.594108076,1.570796327
0.164707693,-0.125958315,-0.477961098,0.603919413,1.570796327
0.156611540,-0.107979258,-0.505062380,0.613041639,1.570796327
0.148342210,-0.089438532,-0.531968147,0.621406679,1.570796327
0.139907783,-0.070414775,-0.558542456,0.628957231,1.570796327
0.131316677,-0.050982243,-0.584663087,0.635645330,1.570796327
0.122577638,-0.031212124,-0.610219213,0.641431337,1.570796327
0.113699729,-0.011173527,-0.635109712,0.646283240,1.570796327
0.104692322,0.009065782,-0.659241967,0.650176185,1.570796327
0.095565079,0.029438852,-0.682531036,0.653092184,1.570796327
0.086327943,0.049879177,-0.704899119,0.655019942,1.570796327
0.076991114,0.070320469,-0.726275230,0.655954761,1.570796327
0.067565031,0.090696550,-0.746595044,0.655898494,1.570796327
0.058060353,0.110941341,-0.765800865,0.654859523,1.570796327
0.048487934,0.130988948,-0.783841680,0.652852731,1.570796327
0.038858797,0.150773822,-0.800673277,0.649899456,1.570796327
0.029184109,0.170230991,-0.816258397,0.646027405,1.570796327
0.019475156,0.189296362,-0.830566896,0.641270534,1.570796327
0.009743309,0.207907059,-0.843575911,0.635668851,1.570796327
-0.000000000,0.226001817,-0.855269998,0.629268181,1.570796327
-0.009743309,0.243521394,-0.865641237,0.622119843,1.570796327
-0.019475156,0.260409007,-0.874689286,0.614280279,1.570796327
-0.029184109,0.276610766,-0.882421380,0.605810614,1.570796327
-0.038858797,0.292076105,-0.888852261,0.596776156,1.570796327
-0.048487934,0.306758180,-0.894004033,0.587245853,1.570796327
-0.058060353,0.320614240,-0.897905943,0.577291703,1.570796327
-0.067565031,0.333605944,-0.900594076,0.566988133,1.570796327
-0.076991114,0.345699621,-0.902110981,0.556411360,1.570796327
-0.086327943,0.356866465,-0.902505207,0.545638742,1.570796327
-0.095565079,0.367082653,-0.901830771,0.534748118,1.570796327
-0.104692322,0.376329388,-0.900146557,0.523817170,1.570796327
-0.113699729,0.384592861,-0.897515649,0.512922787,1.570796327
-0.122577638,0.391864142,-0.894004601,0.502140459,1.570796327
-0.131316677,0.398138980,-0.889682671,0.491543691,1.570796327
-0.139907783,0.403417551,-0.884620998,0.481203447,1.570796327
-0.148342210,0.407704133,-0.878891754,0.471187620,1.570796327
-0.156611540,0.411006725,-0.872567267,0.461560543,1.570796327
-0.164707693,0.413336622,-0.865719135,0.452382513,1.570796327
-0.172622925,0.414707964,-0.858417327,0.443709364,1.570796327
-0.180349842,0.415137244,-0.850729297,0.435592053,1.570796327
-0.187881393,0.414642823,-0.842719109,0.428076286,1.570796327
-0.195210873,0.413244431,-0.834446606,0.421202175,1.570796327
-0.202331923,0.410962688,-0.825966608,0.415003919,1.570796327
-0.209238524,0.407818651,-0.817328186,0.409509535,1.570796327
-0.215924995,0.403833386,-0.808574001,0.404740615,1.570796327
-0.222385983,0.399027603,-0.799739741,0.400712138,1.570796327
-0.228616461,0.393421334,-0.790853662,0.397432328,1.570796327
-0.234611715,0.387033680,-0.781936252,0.394902572,1.570796327
-0.240367339,0.379882634,-0.773000027,0.393117394,1.570796327
-0.245879224,0.371984967,-0.764049467,0.392064500,1.570796327
-0.251143548,0.363356209,-0.755081107,0.391724898,1.570796327
-0.256156764,0.354010689,-0.746083768,0.392073079,1.570796327
-0.260915592,0.343961662,-0.737038948,0.393077286,1.570796327
-0.265417005,0.333221494,-0.727921339,0.394699845,1.570796327
-0.269658221,0.321801916,-0.718699488,0.396897573,1.570796327
-0.273636691,0.309714318,-0.709336565,0.399622246,1.570796327
-0.277350085,0.296970091,-0.699791224,0.402821133,1.570796327
-0.280796289,0.283580984,-0.690018556,0.406437571,1.570796327
-0.283973385,0.269559491,-0.679971083,0.410411592,1.570796327
-0.286879651,0.254919219,-0.669599798,0.414680579,1.570796327
-0.289513545,0.239675269,-0.658855220,0.419179951,1.570796327
-0.291873701,0.223844583,-0.647688446,0.423843863,1.570796327
-0.293958917,0.207446275,-0.636052190,0.428605915,1.570796327
-0.295768151,0.190501930,-0.623901797,0.433399867,1.570796327
-0.297300512,0.173035876,-0.611196222,0.438160347,1.570796327
-0.298555259,0.155075420,-0.597898979,0.442823559,1.570796327
-0.299531789,0.136651072,-0.583979052,0.447327980,1.570796327
-0.300229638,0.117796742,-0.569411797,0.451615055,1.570796327
-0.300648479,0.098549939,-0.554179830,0.455629891,1.570796327
-0.300788114,0.078951986,-0.538273942,0.459321956,1.570796327
-0.300648479,0.059048267,-0.521694072,0.462645805,1.570796327
-0.300229638,0.038888543,-0.504450385,0.465561842,1.570796327
-0.299531789,0.018527356,-0.486564519,0.468037163,1.570796327
-0.298555259,-0.001975401,-0.468071097,0.470046498,1.570796327
-0.297300512,-0.022553730,-0.449019598,0.471573328,1.570796327
-0.295768151,-0.043134472,-0.429476761,0.472611233,1.570796327
-0.293958917,-0.063635882,-0.409529703,0.473165585,1.570796327
-0.291873701,-0.083965687,-0.389290003,0.473255690,1.570796327
-0.289513545,-0.104018488,-0.368899063,0.472917551,1.570796327
-0.286879651,-0.123672324,-0.348535088,0.472207412,1.570796327
-0.283973385,-0.142784260,-0.328421987,0.471206247,1.570796327
-0.280796289,-0.161184937,-0.308840291,0.470025228,1.570796327
-0.277350085,-0.178672372,-0.290139555,0.468811927,1.570796327
-0.273636691,-0.195005959,-0.272750310,0.467756269,1.570796327
-0.269658221,-0.209902957,-0.257191026,0.467093983,1.570796327
-0.265417005,-0.223041686,-0.244061643,0.467103329,1.570796327
-0.260915592,-0.234077494,-0.234011528,0.468089022,1.570796327
-0.256156764,-0.242676900,-0.227671105,0.470348005,1.570796327
-0.251143548,-0.248568511,-0.225549896,0.474118407,1.570796327
-0.245879224,-0.251596442,-0.227929607,0.479526049,1.570796327
-0.240367339,-0.251752122,-0.234800408,0.486552530,1.570796327
-0.234611715,-0.249167387,-0.245874687,0.495042074,1.570796327
-0.228616461,-0.244073770,-0.260668408,0.504742179,1.570796327
-0.222385983,-0.236750064,-0.278605973,0.515356037,1.570796327
-0.215924995,-0.227478885,-0.299107074,0.526585959,1.570796327
-0.209238524,-0.216520625,-0.321638828,0.538159453,1.570796327
-0.202331923,-0.204102803,-0.345737139,0.549839942,1.570796327
-0.195210873,-0.190419124,-0.371008665,0.561427790,1.570796327
-0.187881393,-0.175633245,-0.397123424,0.572756669,1.570796327
-0.180349842,-0.159884063,-0.423804370,0.583688433,1.570796327
-0.172622925,-0.143290955,-0.450817121,0.594108076,1.570796327
-0.164707693,-0.125958315,-0.477961098,0.603919413,1.570796327
-0.156611540,-0.107979258,-0.505062380,0.613041639,1.570796327
-0.148342210,-0.089438532,-0.531968147,0.621406679,1.570796327
-0.139907783,-0.070414775,-0.558542456,0.628957231,1.570796327
-0.131316677,-0.050982243,-0.584663087,0.635645330,1.570796327
-0.122577638,-0.031212124,-0.610219213,0.641431337,1.570796327
-0.113699729,-0.011173527,-0.635109712,0.646283240,1.570796327
-0.104692322,0.009065782,-0.659241967,0.650176185,1.570796327
-0.095565079,0.029438852,-0.682531036,0.653092184,1.570796327
-0.086327943,0.049879177,-0.704899119,0.655019942,1.570796327
-0.076991114,0.070320469,-0.726275230,0.655954761,1.570796327
-0.067565031,0.090696550,-0.746595044,0.655898494,1.570796327
-0.058060353,0.110941341,-0.765800865,0.654859523,1.570796327
-0.048487934,0.130988948,-0.783841680,0.652852731,1.570796327
-0.038858797,0.150773822,-0.800673277,0.649899456,1.570796327
-0.029184109,0.170230991,-0.816258397,0.646027405,1.570796327
-0.019475156,0.189296362,-0.830566896,0.641270534,1.570796327
-0.009743309,0.207907059,-0.843575911,0.635668851,1.570796327
